timestep,position,component,gradient_type,kernel_size,mean_mae,std_mae,mean_spearman,var_spearman
999,0,block_output,Vertical,1,0.23197496,0.0016882693,0.17611900974541453,0.0010537295922742097
999,0,block_output,Horizontal,1,0.23219854,0.0015493599,0.17373389818874557,0.0007241142951863366
999,0,block_output,Gaussian,1,0.19575126,0.002559569,0.26718575617570745,0.0007867124822354704
999,1,block_output,Vertical,1,0.20283179,0.0027709932,0.4137858350399906,0.0012514371039214977
999,1,block_output,Horizontal,1,0.20410842,0.0026586126,0.3999240451096056,0.0015207586734228055
999,1,block_output,Gaussian,1,0.17485961,0.0038911393,0.5396833164584804,0.000737856341797239
999,2,block_output,Vertical,1,0.15905553,0.007230578,0.6747958000769393,0.0020155758515317656
999,2,block_output,Horizontal,1,0.16818379,0.0060286587,0.637928933064963,0.001259487743416875
999,2,block_output,Gaussian,1,0.14453137,0.008434533,0.7773977965263376,0.0006508013202873067
999,3,block_output,Vertical,1,0.10230828,0.008790832,0.8716253083852054,0.000746911101057432
999,3,block_output,Horizontal,1,0.11913128,0.009321404,0.8400316118263578,0.0008072327131522312
999,3,block_output,Gaussian,1,0.092076786,0.0084711155,0.9157388891017814,0.0002243258314309
999,4,block_output,Vertical,1,0.07502382,0.008787302,0.9392835886552109,0.00029382826608192065
999,4,block_output,Horizontal,1,0.095708296,0.010211578,0.9094009695441112,0.00029818723560014643
999,4,block_output,Gaussian,1,0.06686811,0.0072575714,0.9542354156675407,8.473083050716382e-05
999,initial,patch_embed,Vertical,1,0.25815666,0.0004764801,-0.0011518405400744167,0.001044550634357224
999,initial,patch_embed,Horizontal,1,0.2581991,0.00050672167,0.0026438155506624604,0.0011489614028036292
999,initial,patch_embed,Gaussian,1,0.21584755,0.0003423149,-0.0006472633301870577,0.0012203050491869625
999,final,proj_out,Vertical,1,0.07274076,0.023491522,0.9638801833817041,0.0007093888299084284
999,final,proj_out,Horizontal,1,0.089450076,0.0172368,0.9354546372333827,0.0007972568178888628
999,final,proj_out,Gaussian,1,0.05965144,0.013025995,0.9663765021525295,0.0003140458470194153
982,0,block_output,Vertical,1,0.22905655,0.002875026,0.20818263022425146,0.004071913288358538
982,0,block_output,Horizontal,1,0.23215432,0.0018065287,0.178574120175531,0.0009379306865465591
982,0,block_output,Gaussian,1,0.19505261,0.003419937,0.29046861592874074,0.0029572626808643033
982,1,block_output,Vertical,1,0.19738072,0.0054831402,0.47512191535461007,0.003502891395901221
982,1,block_output,Horizontal,1,0.20270675,0.00333631,0.4212010688241103,0.0016588315653579804
982,1,block_output,Gaussian,1,0.16842788,0.005278822,0.5947719508201503,0.0023419053957027787
982,2,block_output,Vertical,1,0.15308602,0.009995961,0.7128721980267422,0.0023552029128719007
982,2,block_output,Horizontal,1,0.15688652,0.0061493036,0.6813905689315828,0.001406547374674264
982,2,block_output,Gaussian,1,0.1403227,0.009023462,0.8016398656582332,0.0007574567187477217
982,3,block_output,Vertical,1,0.091747396,0.010843687,0.9027120323886558,0.0006975445433823083
982,3,block_output,Horizontal,1,0.104206085,0.009958158,0.87515391303841,0.0008382095277605023
982,3,block_output,Gaussian,1,0.09436734,0.008482515,0.909158205682318,0.00021574258360616664
982,4,block_output,Vertical,1,0.06827856,0.01002174,0.954560740904502,0.00020268609402943318
982,4,block_output,Horizontal,1,0.092079,0.009834659,0.9226781919154331,0.00028721294022703454
982,4,block_output,Gaussian,1,0.08521308,0.0100839455,0.9235488530752618,0.000252307102606872
982,initial,patch_embed,Vertical,1,0.25806704,0.0005493439,0.008188281083102088,0.001058062299847181
982,initial,patch_embed,Horizontal,1,0.25808084,0.0003348553,0.0029297464922499283,0.0009337988649802408
982,initial,patch_embed,Gaussian,1,0.21579465,0.0005689017,0.009875619371978405,0.0012773998292618023
982,final,proj_out,Vertical,1,0.08430953,0.026953496,0.9509352988143855,0.0013275044311301222
982,final,proj_out,Horizontal,1,0.10337255,0.020124285,0.9184693452748582,0.0012783660306423565
982,final,proj_out,Gaussian,1,0.06530415,0.012829573,0.9618925434716892,0.00023990741636140383
963,0,block_output,Vertical,1,0.22844301,0.0057035275,0.24290865402825637,0.009742507953063709
963,0,block_output,Horizontal,1,0.2298261,0.001133979,0.17692606444250653,0.0011217372881055388
963,0,block_output,Gaussian,1,0.19464797,0.0044365064,0.3102589174359991,0.0051688670430602235
963,1,block_output,Vertical,1,0.1919472,0.010459319,0.529420302871132,0.007417895444782714
963,1,block_output,Horizontal,1,0.20327859,0.00410864,0.43499249324472783,0.002096109956474385
963,1,block_output,Gaussian,1,0.16875997,0.008001049,0.6140119286421705,0.003915434289383904
963,2,block_output,Vertical,1,0.1478062,0.013862192,0.7512948597071147,0.0032491230558994
963,2,block_output,Horizontal,1,0.15483849,0.007757149,0.6999944213077807,0.0018141463700795531
963,2,block_output,Gaussian,1,0.13182329,0.010502064,0.8243931001485361,0.0009438725709326493
963,3,block_output,Vertical,1,0.08766552,0.01158412,0.9209426552459705,0.0005663145809446477
963,3,block_output,Horizontal,1,0.09511981,0.010177777,0.898755568994998,0.0007242578928647688
963,3,block_output,Gaussian,1,0.091034696,0.009183402,0.9097708451829339,0.000478279117130547
963,4,block_output,Vertical,1,0.059972323,0.009344452,0.9665608651155599,0.0001384535044860703
963,4,block_output,Horizontal,1,0.074573696,0.008466187,0.9484582550682882,0.00017837813301204702
963,4,block_output,Gaussian,1,0.06574029,0.008371058,0.9500417575643614,0.0001498901605817183
963,initial,patch_embed,Vertical,1,0.25776824,0.00096452393,0.028575871579063307,0.0021866663613275676
963,initial,patch_embed,Horizontal,1,0.25815964,0.000438659,0.0018071169902416889,0.0010545110264774565
963,initial,patch_embed,Gaussian,1,0.21548823,0.0007160388,0.01523256004087043,0.002285213457767577
963,final,proj_out,Vertical,1,0.090500124,0.030978344,0.9426526830624258,0.0018811833828942396
963,final,proj_out,Horizontal,1,0.112039305,0.023388715,0.9020396655592008,0.0019034466036029494
963,final,proj_out,Gaussian,1,0.07663731,0.015057086,0.9500801747761468,0.0005625066976629987
944,0,block_output,Vertical,1,0.22718534,0.0068611577,0.2615792687849267,0.01193498494245677
944,0,block_output,Horizontal,1,0.229745,0.0010255147,0.18010085212892213,0.0009346364729442415
944,0,block_output,Gaussian,1,0.19327742,0.0055738874,0.3423205427872834,0.00782907267604634
944,1,block_output,Vertical,1,0.18830056,0.0117686745,0.5570796893636188,0.008122855218997112
944,1,block_output,Horizontal,1,0.19952545,0.00446852,0.46155493520410923,0.0023548748508851317
944,1,block_output,Gaussian,1,0.16369902,0.009299931,0.655041793737209,0.004277041037016411
944,2,block_output,Vertical,1,0.13767603,0.015931401,0.7831099323081194,0.003637785087921242
944,2,block_output,Horizontal,1,0.14837365,0.008873383,0.7290763833942637,0.0023116715710170405
944,2,block_output,Gaussian,1,0.120773576,0.011468576,0.8538624788848683,0.00085464279852963
944,3,block_output,Vertical,1,0.082752034,0.012016449,0.9323399585515149,0.0005067213601960898
944,3,block_output,Horizontal,1,0.10465026,0.010393831,0.8943228790812544,0.0006487796050381696
944,3,block_output,Gaussian,1,0.08220191,0.00952416,0.929146702057352,0.00025954965783705336
944,4,block_output,Vertical,1,0.055046145,0.010024377,0.9726604795597217,0.00012064420046982594
944,4,block_output,Horizontal,1,0.06638088,0.008698709,0.9591485562647628,0.00015214460580160213
944,4,block_output,Gaussian,1,0.05947629,0.006817193,0.9595341699399023,8.652494686413154e-05
944,initial,patch_embed,Vertical,1,0.2577109,0.0010857332,0.034398747039233596,0.0025943252552743535
944,initial,patch_embed,Horizontal,1,0.25810823,0.0004009086,0.0027338047548138805,0.0010891806238512067
944,initial,patch_embed,Gaussian,1,0.21552901,0.0010156793,0.026521602773993198,0.0031784765846092212
944,final,proj_out,Vertical,1,0.09561767,0.03166769,0.9345181940298418,0.0025214676764702465
944,final,proj_out,Horizontal,1,0.11855625,0.022378184,0.89071594958594,0.0020668114382025216
944,final,proj_out,Gaussian,1,0.08243269,0.015644556,0.9429199845843773,0.0009374005338982112
922,0,block_output,Vertical,1,0.22488935,0.009265235,0.2910884349414899,0.017271635581704105
922,0,block_output,Horizontal,1,0.22918901,0.0011388437,0.1844408086008762,0.0016187336783979737
922,0,block_output,Gaussian,1,0.19024368,0.007566247,0.38833146974306987,0.012966839489781761
922,1,block_output,Vertical,1,0.18743742,0.013811595,0.5715000846388157,0.008999338091227686
922,1,block_output,Horizontal,1,0.19846314,0.005842261,0.4767069388384315,0.0031055628985984097
922,1,block_output,Gaussian,1,0.16199657,0.010896409,0.6685395336064439,0.004918473104980986
922,2,block_output,Vertical,1,0.12266479,0.018244447,0.8229333202691969,0.0034963102542739256
922,2,block_output,Horizontal,1,0.14393198,0.010723976,0.7508747974018698,0.0026456538868526005
922,2,block_output,Gaussian,1,0.12026169,0.0117647825,0.8503354892196964,0.0009700428356928928
922,3,block_output,Vertical,1,0.070605986,0.011703692,0.9495584467954177,0.0004095757835958321
922,3,block_output,Horizontal,1,0.09617827,0.010604924,0.9095241537613288,0.0005771423430832687
922,3,block_output,Gaussian,1,0.08952733,0.009067568,0.9142463439517905,0.0003602441226117771
922,4,block_output,Vertical,1,0.063790366,0.0112064555,0.9676290602733782,0.000139487384053816
922,4,block_output,Horizontal,1,0.06852149,0.00896086,0.9579853805415882,0.00017077002316215375
922,4,block_output,Gaussian,1,0.052014403,0.0066722305,0.9688418997357745,6.852685794640787e-05
922,initial,patch_embed,Vertical,1,0.25753003,0.0012526138,0.04431476118556013,0.003602446808072009
922,initial,patch_embed,Horizontal,1,0.25811028,0.00049572723,0.003185503938442962,0.0015452053210997178
922,initial,patch_embed,Gaussian,1,0.21588048,0.0016598788,0.04307402077771256,0.005708503419963741
922,final,proj_out,Vertical,1,0.10432553,0.033549625,0.9172516046012272,0.003425332230635948
922,final,proj_out,Horizontal,1,0.13247791,0.022593109,0.8657327293673118,0.0025293338754283417
922,final,proj_out,Gaussian,1,0.090988606,0.016624331,0.9266960766847597,0.001505481858787321
899,0,block_output,Vertical,1,0.22423479,0.010636216,0.3094259692325977,0.01983284972385956
899,0,block_output,Horizontal,1,0.22869223,0.0013261646,0.19369579103098147,0.0022968765677739145
899,0,block_output,Gaussian,1,0.19084746,0.008960013,0.40098649944430487,0.014210763908049312
899,1,block_output,Vertical,1,0.18277633,0.017281476,0.6009894320486563,0.011039638139968989
899,1,block_output,Horizontal,1,0.19627433,0.007135459,0.49716408083912206,0.0038134836301835745
899,1,block_output,Gaussian,1,0.1593692,0.0129162595,0.6869618324275981,0.005669572406382102
899,2,block_output,Vertical,1,0.12559146,0.019597622,0.8251194130316267,0.004234271012768663
899,2,block_output,Horizontal,1,0.14545731,0.0105553465,0.7560816151482933,0.0026065567209326984
899,2,block_output,Gaussian,1,0.11220565,0.013180037,0.8702855601427492,0.000868807544762186
899,3,block_output,Vertical,1,0.071330965,0.012654133,0.9520069218062056,0.00038680120271028236
899,3,block_output,Horizontal,1,0.0852775,0.011117374,0.9271904733174914,0.0005965250466548859
899,3,block_output,Gaussian,1,0.08941815,0.010259178,0.9139195054601733,0.00035896750190438044
899,4,block_output,Vertical,1,0.062107936,0.011237483,0.9696543690846763,0.00012361811149294227
899,4,block_output,Horizontal,1,0.08134262,0.01121116,0.9459276948084243,0.000222079935004737
899,4,block_output,Gaussian,1,0.060413994,0.008117478,0.9563593129485537,0.0002899303714365597
899,initial,patch_embed,Vertical,1,0.25736198,0.0015652684,0.054207607599448,0.004813481092582476
899,initial,patch_embed,Horizontal,1,0.25817326,0.00056853745,-0.00020112094447172945,0.0015696029482651901
899,initial,patch_embed,Gaussian,1,0.2153081,0.0020358283,0.07055524452309164,0.006740890595213588
899,final,proj_out,Vertical,1,0.110462874,0.033632085,0.905869198298045,0.004118678300268822
899,final,proj_out,Horizontal,1,0.13925919,0.02142958,0.8516368469511463,0.0024880609775097804
899,final,proj_out,Gaussian,1,0.09492174,0.01714211,0.9175694799899172,0.0016553860131219044
874,0,block_output,Vertical,1,0.2205587,0.013831202,0.3406558483691009,0.026351481509084368
874,0,block_output,Horizontal,1,0.2284106,0.0014680986,0.203730656509447,0.0023542651302961995
874,0,block_output,Gaussian,1,0.18631029,0.011137847,0.44756045982479414,0.018091098251425353
874,1,block_output,Vertical,1,0.17304592,0.020197172,0.6492288121142391,0.011415533227991522
874,1,block_output,Horizontal,1,0.19462155,0.0077893687,0.5147401570359594,0.004150548072167169
874,1,block_output,Gaussian,1,0.1520704,0.013319882,0.7191688052525587,0.0051253039259130054
874,2,block_output,Vertical,1,0.113105014,0.02155616,0.857260125797674,0.0038189168076834977
874,2,block_output,Horizontal,1,0.14440699,0.013025554,0.7691865538397836,0.0027758919193120756
874,2,block_output,Gaussian,1,0.11113559,0.013078946,0.8724164309509591,0.0008129180124915724
874,3,block_output,Vertical,1,0.06681057,0.012917227,0.9593110774744101,0.0003705381868963049
874,3,block_output,Horizontal,1,0.0805233,0.011712255,0.9355803244323896,0.0006246448200555039
874,3,block_output,Gaussian,1,0.06844435,0.010358623,0.9492526891899583,0.0001308064730700912
874,4,block_output,Vertical,1,0.054849405,0.01057965,0.9757546900517003,0.00011782839050121403
874,4,block_output,Horizontal,1,0.074936494,0.012878774,0.9551968785677561,0.0002110855989949142
874,4,block_output,Gaussian,1,0.050534286,0.0072771925,0.9693964309506469,7.215860403957499e-05
874,initial,patch_embed,Vertical,1,0.2572498,0.0021720978,0.06163767952775627,0.007292612511233667
874,initial,patch_embed,Horizontal,1,0.2581457,0.00078847347,0.006786148553600529,0.00229258873672263
874,initial,patch_embed,Gaussian,1,0.21501996,0.0035514697,0.09320581683672673,0.012256196912208327
874,final,proj_out,Vertical,1,0.11486337,0.033597868,0.8948260392093917,0.004605618431638232
874,final,proj_out,Horizontal,1,0.14397535,0.020561349,0.840789069596367,0.002721680145763513
874,final,proj_out,Gaussian,1,0.09763548,0.017875372,0.9110085783166866,0.0017035791046670955
847,0,block_output,Vertical,1,0.22163083,0.014548856,0.34581893903652355,0.02552684676818961
847,0,block_output,Horizontal,1,0.22852872,0.0019413765,0.21367397457000264,0.002905582327550687
847,0,block_output,Gaussian,1,0.18486233,0.012961582,0.46360134383662444,0.018927998081695055
847,1,block_output,Vertical,1,0.16648245,0.022529347,0.6796980436200212,0.01175633262089997
847,1,block_output,Horizontal,1,0.18863869,0.010284924,0.5558550842106981,0.005715246014237477
847,1,block_output,Gaussian,1,0.14897987,0.014138651,0.7321567582334148,0.005258132766482614
847,2,block_output,Vertical,1,0.11603808,0.021514183,0.8599043812953802,0.00385576329844278
847,2,block_output,Horizontal,1,0.13247955,0.014170302,0.8027055638859664,0.003188518350757793
847,2,block_output,Gaussian,1,0.10410653,0.014325522,0.887186911637889,0.0007752248121246906
847,3,block_output,Vertical,1,0.06828707,0.012736554,0.9588196926740891,0.00039773325245455286
847,3,block_output,Horizontal,1,0.07925061,0.011700975,0.9393746852196782,0.0005655407580858991
847,3,block_output,Gaussian,1,0.08391983,0.010274703,0.9252679419661004,0.0002381793236872581
847,4,block_output,Vertical,1,0.048908614,0.011349101,0.9803560106780818,0.00010503297105969376
847,4,block_output,Horizontal,1,0.06628713,0.010747602,0.9635050504115834,0.00020470290478344345
847,4,block_output,Gaussian,1,0.068416804,0.009312373,0.9445995678454332,0.00028127962821240565
847,initial,patch_embed,Vertical,1,0.25675994,0.0027730123,0.07926272296653739,0.010164289874292368
847,initial,patch_embed,Horizontal,1,0.25813445,0.001294306,0.011530765627782385,0.004850219640655505
847,initial,patch_embed,Gaussian,1,0.21274683,0.0045944154,0.11480524592318474,0.016696031265354603
847,final,proj_out,Vertical,1,0.12088797,0.034550138,0.8823853649761686,0.005632446546290831
847,final,proj_out,Horizontal,1,0.15415993,0.019237584,0.8163841981839083,0.003235695105706762
847,final,proj_out,Gaussian,1,0.10144619,0.019160837,0.9012925327105894,0.0019065264326836523
817,0,block_output,Vertical,1,0.2157317,0.019724768,0.3895954020039379,0.03488806064833928
817,0,block_output,Horizontal,1,0.22871803,0.0028081005,0.22171820428071368,0.0043958201599782025
817,0,block_output,Gaussian,1,0.18207692,0.013478741,0.4917362381263596,0.019587370969484316
817,1,block_output,Vertical,1,0.16272694,0.024500702,0.6981523147705545,0.012343473637190495
817,1,block_output,Horizontal,1,0.19079998,0.009936713,0.5467898608088131,0.005315010131825903
817,1,block_output,Gaussian,1,0.14692125,0.015149654,0.7452185651686802,0.00486617847712759
817,2,block_output,Vertical,1,0.101132385,0.022011321,0.8892929195804885,0.0035880656023835776
817,2,block_output,Horizontal,1,0.13511503,0.01422208,0.8040674597286366,0.0029952791087240267
817,2,block_output,Gaussian,1,0.10612529,0.014471027,0.8869992277426142,0.0008672426755970697
817,3,block_output,Vertical,1,0.06365285,0.013385702,0.9638373364702487,0.00042249832691827684
817,3,block_output,Horizontal,1,0.075945705,0.0124621345,0.9443771189272512,0.000578061613718813
817,3,block_output,Gaussian,1,0.07401446,0.009859727,0.9382187350915572,0.00028720384247275544
817,4,block_output,Vertical,1,0.058051445,0.0120247565,0.9740304902879116,0.00015133357287464098
817,4,block_output,Horizontal,1,0.06213943,0.010853761,0.9671212807841972,0.0001961731791429692
817,4,block_output,Gaussian,1,0.05605178,0.009195521,0.9659373402600826,7.171905214953185e-05
817,initial,patch_embed,Vertical,1,0.25645053,0.0032075865,0.09121081367254097,0.013740765738308845
817,initial,patch_embed,Horizontal,1,0.25820765,0.0010990106,0.0063421349854457035,0.004116274306335214
817,initial,patch_embed,Gaussian,1,0.21369103,0.005727296,0.1335658310429819,0.01700297641461325
817,final,proj_out,Vertical,1,0.12026522,0.033761088,0.8821323268196872,0.0051439561429650026
817,final,proj_out,Horizontal,1,0.15710045,0.018692572,0.8062754213213893,0.003606306242670404
817,final,proj_out,Gaussian,1,0.106716804,0.020065485,0.8852983227983481,0.0024356589967086174
785,0,block_output,Vertical,1,0.2143765,0.02180556,0.40791356313557764,0.03803762515262401
785,0,block_output,Horizontal,1,0.22812714,0.002790066,0.22827795490114633,0.004037725132375787
785,0,block_output,Gaussian,1,0.18056244,0.01502855,0.5016915169325908,0.02037982904841067
785,1,block_output,Vertical,1,0.15380776,0.026849987,0.7349433597849019,0.012358232311344655
785,1,block_output,Horizontal,1,0.18116261,0.013009332,0.6018160620616628,0.0068852044079031486
785,1,block_output,Gaussian,1,0.14861514,0.015320408,0.7473014364902845,0.0049294567041108595
785,2,block_output,Vertical,1,0.09157388,0.023505246,0.9075847034674613,0.0032929631685100318
785,2,block_output,Horizontal,1,0.12942094,0.015049871,0.8238749785223143,0.0031255582290129562
785,2,block_output,Gaussian,1,0.105920404,0.014233943,0.8857867119534714,0.0008755986658529178
785,3,block_output,Vertical,1,0.06458819,0.015437624,0.9646221088803764,0.00047857287428602533
785,3,block_output,Horizontal,1,0.068528615,0.01371119,0.9537814553991734,0.0005452636581095029
785,3,block_output,Gaussian,1,0.06642049,0.011215897,0.9516805961931403,0.0001117063125570615
785,4,block_output,Vertical,1,0.04986443,0.013146196,0.9802478164815966,0.00014309639989427516
785,4,block_output,Horizontal,1,0.06518908,0.010326845,0.9652992578171977,0.0002176244266364729
785,4,block_output,Gaussian,1,0.05937448,0.009913946,0.9603801388205073,0.00026483241670242056
785,initial,patch_embed,Vertical,1,0.2557773,0.005690009,0.10345104132964639,0.019015467223034294
785,initial,patch_embed,Horizontal,1,0.25825334,0.0007139233,-0.003302457134079598,0.0022117405431468125
785,initial,patch_embed,Gaussian,1,0.21439599,0.006130828,0.15358779712041234,0.01729099973544892
785,final,proj_out,Vertical,1,0.1242321,0.033231016,0.8725641363198078,0.005726558736419485
785,final,proj_out,Horizontal,1,0.16239479,0.017741017,0.7919577781653321,0.0037494824836529455
785,final,proj_out,Gaussian,1,0.10831403,0.02124583,0.8801103068523334,0.002855584391319445
749,0,block_output,Vertical,1,0.21259941,0.023798754,0.42781965294962665,0.040923243416141244
749,0,block_output,Horizontal,1,0.22728954,0.0032030998,0.24195578951530916,0.004938349368979535
749,0,block_output,Gaussian,1,0.178026,0.01560435,0.5272619963706544,0.019820110494511507
749,1,block_output,Vertical,1,0.14850335,0.027982354,0.7590802207887114,0.012395478942980518
749,1,block_output,Horizontal,1,0.17743899,0.013898483,0.6235186403339388,0.00710364173234619
749,1,block_output,Gaussian,1,0.14452016,0.016046816,0.7618018930964979,0.004887037165173049
749,2,block_output,Vertical,1,0.1066911,0.022416335,0.8915311496216408,0.0036064251889674137
749,2,block_output,Horizontal,1,0.11744258,0.01672332,0.852324622537506,0.0033104467089951077
749,2,block_output,Gaussian,1,0.09755693,0.01448413,0.9029543746945291,0.0007439869207483957
749,3,block_output,Vertical,1,0.068598144,0.015159992,0.9615503915507573,0.0005458670241242305
749,3,block_output,Horizontal,1,0.072208256,0.012993311,0.9517997395465673,0.000507880018662956
749,3,block_output,Gaussian,1,0.08811382,0.012228515,0.9174493366378406,0.0002225478873588442
749,4,block_output,Vertical,1,0.049303547,0.0137775745,0.9808473078730728,0.00016415166514294712
749,4,block_output,Horizontal,1,0.06688946,0.012039396,0.9647089512767115,0.00024243287494039585
749,4,block_output,Gaussian,1,0.05635488,0.010071399,0.9659847114419516,0.0001739655321090835
749,initial,patch_embed,Vertical,1,0.2548823,0.007525917,0.13002563599183956,0.02621581793230659
749,initial,patch_embed,Horizontal,1,0.2580603,0.0010871631,0.016051181672649975,0.004180213290077539
749,initial,patch_embed,Gaussian,1,0.21363682,0.008381244,0.17404033554711096,0.021128477380287627
749,final,proj_out,Vertical,1,0.12855035,0.03345939,0.8614729636660554,0.0065947899409848475
749,final,proj_out,Horizontal,1,0.16442116,0.017616909,0.7826463934038962,0.003792318951248979
749,final,proj_out,Gaussian,1,0.1115662,0.021405848,0.868818959587156,0.0032952540502774043
710,0,block_output,Vertical,1,0.20927136,0.02590846,0.45089986503472246,0.04376587823996668
710,0,block_output,Horizontal,1,0.22687368,0.004197624,0.2529089254392069,0.006951746567243355
710,0,block_output,Gaussian,1,0.17845295,0.016631128,0.5309102690989799,0.019746407510045968
710,1,block_output,Vertical,1,0.14354707,0.02947956,0.7780714500208529,0.012677583733477913
710,1,block_output,Horizontal,1,0.17920943,0.013718695,0.6188065422419597,0.006516318571051275
710,1,block_output,Gaussian,1,0.13516365,0.01640963,0.7909003381718881,0.004163659912577919
710,2,block_output,Vertical,1,0.083771765,0.024095599,0.9241754266905798,0.003082285070779351
710,2,block_output,Horizontal,1,0.120055825,0.016606776,0.8513742448158258,0.003120357329628276
710,2,block_output,Gaussian,1,0.10516497,0.016151352,0.8917512707596802,0.0010072371495435293
710,3,block_output,Vertical,1,0.05125744,0.01584351,0.9749891673502746,0.0004981371204727049
710,3,block_output,Horizontal,1,0.07462938,0.013410476,0.9504396578194886,0.0005405035203532219
710,3,block_output,Gaussian,1,0.07232292,0.010866172,0.9412032576371985,0.00023769908635071284
710,4,block_output,Vertical,1,0.05536697,0.013943268,0.9766410677217897,0.00018963555270220758
710,4,block_output,Horizontal,1,0.07105019,0.011595804,0.9596804176436153,0.00025904874273054883
710,4,block_output,Gaussian,1,0.06938307,0.012918291,0.9488154996390564,0.0002250940027433825
710,initial,patch_embed,Vertical,1,0.2536521,0.010251621,0.15207077297093435,0.0338484279182161
710,initial,patch_embed,Horizontal,1,0.25844005,0.002137273,0.007252410317464001,0.009670135000802334
710,initial,patch_embed,Gaussian,1,0.21410821,0.009653922,0.19062403116155544,0.023172599533890312
710,final,proj_out,Vertical,1,0.13227518,0.033045948,0.853097827229949,0.00668261930288491
710,final,proj_out,Horizontal,1,0.16925485,0.016841218,0.7669782020832001,0.004109053208444581
710,final,proj_out,Gaussian,1,0.11329772,0.021143466,0.8622009507608501,0.0036816261803952043
666,0,block_output,Vertical,1,0.20927858,0.026697429,0.4582199341912837,0.04595360959946187
666,0,block_output,Horizontal,1,0.22761473,0.004553258,0.25157994208450424,0.006488114963600692
666,0,block_output,Gaussian,1,0.17296578,0.016829707,0.5624023252071025,0.01882775595541211
666,1,block_output,Vertical,1,0.14210066,0.029683514,0.784342688204968,0.012205260953179127
666,1,block_output,Horizontal,1,0.17208435,0.014944749,0.6560575499101512,0.00678312677288245
666,1,block_output,Gaussian,1,0.13424057,0.017451344,0.8002297598323981,0.003980415894235009
666,2,block_output,Vertical,1,0.0875974,0.023555905,0.9216894183772036,0.003293656908114308
666,2,block_output,Horizontal,1,0.126435,0.016253388,0.8401122319503321,0.0030611292218270703
666,2,block_output,Gaussian,1,0.09625551,0.014866298,0.9068764426127538,0.0008558505516380191
666,3,block_output,Vertical,1,0.05631386,0.015640613,0.9721918885555019,0.0005512525370786331
666,3,block_output,Horizontal,1,0.07636303,0.013246009,0.9483527767014263,0.0005459772030448902
666,3,block_output,Gaussian,1,0.0784064,0.01278117,0.9354514082936457,0.0003056904129696631
666,4,block_output,Vertical,1,0.057931196,0.013900784,0.9746362020537481,0.00022476252751609194
666,4,block_output,Horizontal,1,0.05833665,0.011649649,0.9715271892868154,0.0002236084123098495
666,4,block_output,Gaussian,1,0.07156464,0.010746286,0.9456096635777625,0.00030485612210744085
666,initial,patch_embed,Vertical,1,0.252755,0.012948011,0.17537096761626456,0.0431423621527346
666,initial,patch_embed,Horizontal,1,0.25808066,0.0014558148,0.019747034045184617,0.007638982625784323
666,initial,patch_embed,Gaussian,1,0.20914072,0.010111702,0.2153661197977301,0.02547213250638913
666,final,proj_out,Vertical,1,0.13290833,0.032372218,0.8498699541778342,0.006587512686644165
666,final,proj_out,Horizontal,1,0.16944683,0.016818779,0.762890827665183,0.004132800579739107
666,final,proj_out,Gaussian,1,0.116290644,0.0215071,0.8496165640561593,0.00413919151652519
617,0,block_output,Vertical,1,0.20649077,0.028491331,0.4756072283919076,0.046548613111605956
617,0,block_output,Horizontal,1,0.22521426,0.0053365617,0.2816445451944032,0.008254379028989173
617,0,block_output,Gaussian,1,0.17574318,0.017631225,0.5752624618193998,0.018247456498735045
617,1,block_output,Vertical,1,0.13643853,0.030034011,0.8060405828778304,0.01160818331874885
617,1,block_output,Horizontal,1,0.1758452,0.013871753,0.6366135069332298,0.006426270340928356
617,1,block_output,Gaussian,1,0.13230407,0.019092914,0.8070171522194407,0.004118763653515856
617,2,block_output,Vertical,1,0.08389328,0.023723008,0.9289291284194222,0.003196626190267321
617,2,block_output,Horizontal,1,0.119783856,0.016846674,0.8561409685939181,0.0029831393757487846
617,2,block_output,Gaussian,1,0.09948182,0.01573543,0.9034431464580105,0.0009802625012391539
617,3,block_output,Vertical,1,0.06426163,0.016468508,0.9661736670377837,0.0005437629864416412
617,3,block_output,Horizontal,1,0.06412904,0.014125622,0.9611542162814676,0.0005537391073911079
617,3,block_output,Gaussian,1,0.0770753,0.0129748555,0.9356569405207932,0.00029894118655057647
617,4,block_output,Vertical,1,0.06824688,0.014105144,0.9648916470878298,0.00029981470207975986
617,4,block_output,Horizontal,1,0.07032455,0.010934074,0.9600823803467959,0.0002554658571920895
617,4,block_output,Gaussian,1,0.06068114,0.011373297,0.9618204865069346,0.00012626489475849495
617,initial,patch_embed,Vertical,1,0.25144005,0.015774855,0.19547486876146153,0.051756305730926835
617,initial,patch_embed,Horizontal,1,0.25791672,0.0013630945,0.026591443582434884,0.005409902916386151
617,initial,patch_embed,Gaussian,1,0.20601706,0.0132375145,0.23525624175775886,0.033191500739305276
617,final,proj_out,Vertical,1,0.13524868,0.031711217,0.8432457632130951,0.006600343933981325
617,final,proj_out,Horizontal,1,0.17177705,0.015875468,0.7520818021150016,0.003920681174127627
617,final,proj_out,Gaussian,1,0.11790078,0.021387178,0.84403035462727,0.0045907650399484275
562,0,block_output,Vertical,1,0.20195061,0.030109137,0.5071918151873243,0.048178234277998035
562,0,block_output,Horizontal,1,0.22406428,0.006204353,0.29743004041099175,0.010431030977424609
562,0,block_output,Gaussian,1,0.17417362,0.017975554,0.587632490322993,0.01783841691815187
562,1,block_output,Vertical,1,0.1353699,0.030345265,0.8117452994372074,0.01170900976070373
562,1,block_output,Horizontal,1,0.17154863,0.01475618,0.6657459531986647,0.006672131066381069
562,1,block_output,Gaussian,1,0.13709769,0.017202951,0.7933449942621507,0.004562262676785362
562,2,block_output,Vertical,1,0.07792022,0.02431885,0.9370311592881185,0.0029513831332797385
562,2,block_output,Horizontal,1,0.108697064,0.017538335,0.8822459095467283,0.0030617660422664794
562,2,block_output,Gaussian,1,0.103925474,0.017735846,0.8943700774810154,0.0009779767700904922
562,3,block_output,Vertical,1,0.07702342,0.015664635,0.9528468709076502,0.000770832235390101
562,3,block_output,Horizontal,1,0.07920007,0.013817581,0.9452229737182627,0.0006662781221599797
562,3,block_output,Gaussian,1,0.06577222,0.012262873,0.9536944758414154,0.00021643786591490249
562,4,block_output,Vertical,1,0.053804003,0.014640795,0.9778658428015008,0.00021848509908320462
562,4,block_output,Horizontal,1,0.06620573,0.011848981,0.9637433595676742,0.0003004300199303296
562,4,block_output,Gaussian,1,0.07237779,0.011632154,0.9460679218647008,0.00013693352056666445
562,initial,patch_embed,Vertical,1,0.24959545,0.020819947,0.21205199362050176,0.06142486073750233
562,initial,patch_embed,Horizontal,1,0.25828016,0.0024947366,0.02065061487281544,0.0132869271316252
562,initial,patch_embed,Gaussian,1,0.20633669,0.014351527,0.25457363305736336,0.03505868140138328
562,final,proj_out,Vertical,1,0.13707083,0.031198848,0.8374782845912382,0.006659164041397275
562,final,proj_out,Horizontal,1,0.17457964,0.015175648,0.7402548438175677,0.003834336726958866
562,final,proj_out,Gaussian,1,0.11955324,0.021215495,0.8373377848274899,0.004861562515105428
499,0,block_output,Vertical,1,0.19695893,0.030623153,0.5380576639539383,0.0435593436538968
499,0,block_output,Horizontal,1,0.22426818,0.006393001,0.2977686220446754,0.01020860279971614
499,0,block_output,Gaussian,1,0.17102931,0.018700602,0.5858541274950688,0.02075392953290963
499,1,block_output,Vertical,1,0.12991706,0.030405853,0.8285610715323609,0.01119592496234283
499,1,block_output,Horizontal,1,0.16969033,0.015398431,0.6763155370201257,0.006910831311475935
499,1,block_output,Gaussian,1,0.13272186,0.018080257,0.8074891803984796,0.004502667934557973
499,2,block_output,Vertical,1,0.09166172,0.02276154,0.9202581694879551,0.0029790681649099803
499,2,block_output,Horizontal,1,0.1088376,0.018015465,0.8875331310386743,0.003068495946088733
499,2,block_output,Gaussian,1,0.09416745,0.017070951,0.9133982101620525,0.0008660127911871236
499,3,block_output,Vertical,1,0.07031905,0.015750425,0.9589747375132295,0.0007499435825564761
499,3,block_output,Horizontal,1,0.06518481,0.01513766,0.959639943021202,0.0007154644538763343
499,3,block_output,Gaussian,1,0.09054798,0.0128862485,0.9135545894485446,0.00047958952031658945
499,4,block_output,Vertical,1,0.0670031,0.015215578,0.9652625526951729,0.0003501886461607715
499,4,block_output,Horizontal,1,0.06020458,0.012360269,0.9695454430459202,0.00027883388151388297
499,4,block_output,Gaussian,1,0.058621168,0.011506475,0.965038450626286,0.00011327921020646836
499,initial,patch_embed,Vertical,1,0.24821757,0.022323286,0.22994548575843776,0.06971006031145847
499,initial,patch_embed,Horizontal,1,0.2588443,0.003985755,0.012375398483783195,0.019452948584097157
499,initial,patch_embed,Gaussian,1,0.20378964,0.017115653,0.2679686141462893,0.040927219586379744
499,final,proj_out,Vertical,1,0.13721086,0.030606976,0.8348748345725637,0.006661381365229166
499,final,proj_out,Horizontal,1,0.17657967,0.014562881,0.7302611238115699,0.003781820849694794
499,final,proj_out,Gaussian,1,0.12166734,0.020967353,0.8303616926718569,0.00529093339602719
428,0,block_output,Vertical,1,0.1957093,0.03150839,0.5481521644442247,0.0443068388288741
428,0,block_output,Horizontal,1,0.223136,0.0070000784,0.3185050773355768,0.010627294998737049
428,0,block_output,Gaussian,1,0.16946295,0.019370912,0.6025468096585932,0.01971557963279834
428,1,block_output,Vertical,1,0.12752049,0.030636426,0.8365348283595209,0.011092474100167853
428,1,block_output,Horizontal,1,0.16438428,0.016353093,0.70192253815333,0.007027175461757569
428,1,block_output,Gaussian,1,0.12656592,0.017109632,0.823065367909562,0.003879973655778538
428,2,block_output,Vertical,1,0.0819772,0.023998605,0.9351765099436224,0.002808466219804517
428,2,block_output,Horizontal,1,0.10883894,0.018426115,0.8845815961227905,0.0030764162339832323
428,2,block_output,Gaussian,1,0.096906535,0.015707757,0.9093679004539059,0.0010083682625804534
428,3,block_output,Vertical,1,0.051779613,0.01760409,0.9756145047360663,0.0006641316754371323
428,3,block_output,Horizontal,1,0.06654403,0.015811594,0.9578558470362067,0.0008176835170219308
428,3,block_output,Gaussian,1,0.09369934,0.012113563,0.9095786662499578,0.0006375441452734796
428,4,block_output,Vertical,1,0.049903832,0.015524605,0.980240461843697,0.0002713406265230324
428,4,block_output,Horizontal,1,0.06963789,0.012787808,0.9587193092297166,0.00037581026223028503
428,4,block_output,Gaussian,1,0.08593127,0.011186613,0.9224667966212785,0.0004046733450720813
428,initial,patch_embed,Vertical,1,0.24695471,0.024849942,0.24802472226161634,0.07732386023914517
428,initial,patch_embed,Horizontal,1,0.25806642,0.0034807127,0.03299502762037267,0.020815476155480062
428,initial,patch_embed,Gaussian,1,0.20187548,0.018379996,0.28314502524502133,0.048041764758350466
428,final,proj_out,Vertical,1,0.14004736,0.029745087,0.8262954678559722,0.006758771851150651
428,final,proj_out,Horizontal,1,0.17884012,0.01400197,0.7196476268460671,0.0037277313116458664
428,final,proj_out,Gaussian,1,0.1235605,0.02039194,0.8235829388489317,0.0054164246046269245
345,0,block_output,Vertical,1,0.19390297,0.03216069,0.5583558306338184,0.04334723326765689
345,0,block_output,Horizontal,1,0.22293982,0.007490156,0.3223438236113044,0.012079042204215913
345,0,block_output,Gaussian,1,0.16829424,0.019647287,0.6057313981337729,0.019840954723189502
345,1,block_output,Vertical,1,0.13210146,0.030626979,0.8212018929915433,0.01166978812980001
345,1,block_output,Horizontal,1,0.16563779,0.016472973,0.6981644192387269,0.006983064669013312
345,1,block_output,Gaussian,1,0.12705228,0.01729282,0.826130659489317,0.0038024474704200758
345,2,block_output,Vertical,1,0.08902392,0.023875706,0.9236733399259363,0.003265759679310914
345,2,block_output,Horizontal,1,0.11904758,0.01797791,0.8625101821674269,0.0033328485930464386
345,2,block_output,Gaussian,1,0.09764044,0.01826921,0.9106163719928315,0.0009785569752968105
345,3,block_output,Vertical,1,0.07033321,0.017110443,0.9588620367361229,0.0008674502753843481
345,3,block_output,Horizontal,1,0.071870975,0.016401293,0.9510663923700604,0.0009660749393494512
345,3,block_output,Gaussian,1,0.07983827,0.012739901,0.9352972327928788,0.0004212444617807895
345,4,block_output,Vertical,1,0.08072798,0.016142571,0.9504672783783253,0.0004592511688574494
345,4,block_output,Horizontal,1,0.076966114,0.013256947,0.9499460080421354,0.00043352718507582333
345,4,block_output,Gaussian,1,0.06118779,0.011673331,0.9631724578230737,0.00012822019095423698
345,initial,patch_embed,Vertical,1,0.24599251,0.026396316,0.26057588775457147,0.08338213515479201
345,initial,patch_embed,Horizontal,1,0.25737792,0.0032087287,0.06451488448661966,0.016699175059692973
345,initial,patch_embed,Gaussian,1,0.20058665,0.01998437,0.2989198326028555,0.046473305323123874
345,final,proj_out,Vertical,1,0.14041005,0.02985821,0.822013366337114,0.007505845753850036
345,final,proj_out,Horizontal,1,0.18074776,0.013428451,0.7099493714537013,0.0036955727260036503
345,final,proj_out,Gaussian,1,0.12525448,0.019763216,0.8192735421559046,0.005759064706891303
249,0,block_output,Vertical,1,0.193953,0.03220463,0.5604560095802283,0.04288536923581192
249,0,block_output,Horizontal,1,0.22417264,0.0074809073,0.31336441734957254,0.012089254429157011
249,0,block_output,Gaussian,1,0.16916534,0.019900918,0.6007504079707554,0.020477315190736853
249,1,block_output,Vertical,1,0.13097236,0.030519214,0.8285406427743122,0.011543489186437756
249,1,block_output,Horizontal,1,0.17059986,0.016329,0.6741581347478675,0.007963985651942175
249,1,block_output,Gaussian,1,0.13092178,0.016660236,0.8169170948875112,0.004358394405764849
249,2,block_output,Vertical,1,0.08127485,0.02584387,0.933823471588602,0.003443606756860033
249,2,block_output,Horizontal,1,0.11759751,0.018486835,0.8666082209669267,0.0035174460659035045
249,2,block_output,Gaussian,1,0.10000189,0.017591204,0.9062869548030338,0.0011888303249280355
249,3,block_output,Vertical,1,0.06682419,0.019610433,0.9611118917902387,0.0010885555659348406
249,3,block_output,Horizontal,1,0.07269654,0.017509218,0.9483999100358764,0.0011451042903034277
249,3,block_output,Gaussian,1,0.08366085,0.011937165,0.9295953639964452,0.0003702000902496481
249,4,block_output,Vertical,1,0.051214695,0.017270358,0.9781095494103594,0.0004306926689635841
249,4,block_output,Horizontal,1,0.09282987,0.014343361,0.9285251188983927,0.0006938992839036672
249,4,block_output,Gaussian,1,0.06269195,0.011680663,0.9614183240079172,0.0001556100092699882
249,initial,patch_embed,Vertical,1,0.24572577,0.026871849,0.2643322213730494,0.08514774699314116
249,initial,patch_embed,Horizontal,1,0.25751364,0.0036775402,0.06348735174942857,0.019952982533344998
249,initial,patch_embed,Gaussian,1,0.20306827,0.018507753,0.3170783944562093,0.03840925074037422
249,final,proj_out,Vertical,1,0.14243156,0.029687496,0.815163886765789,0.008610391177926663
249,final,proj_out,Horizontal,1,0.18335001,0.013222166,0.6963653599386516,0.0036564930292060467
249,final,proj_out,Gaussian,1,0.1258745,0.01934276,0.8187939820462838,0.005492726098299575
136,0,block_output,Vertical,1,0.19237341,0.032767165,0.5700311395328,0.04093343861660924
136,0,block_output,Horizontal,1,0.22133397,0.008083968,0.3528280614353427,0.01450504735592783
136,0,block_output,Gaussian,1,0.17169276,0.020882556,0.6180422307304417,0.019536383398070508
136,1,block_output,Vertical,1,0.13475746,0.031309325,0.8133170339549253,0.012916093683481067
136,1,block_output,Horizontal,1,0.1709218,0.015688589,0.6774662379762666,0.007880508697304065
136,1,block_output,Gaussian,1,0.13158739,0.017575491,0.8138991140748031,0.004527193156824448
136,2,block_output,Vertical,1,0.08668092,0.026717443,0.9245351115217963,0.004095379931285169
136,2,block_output,Horizontal,1,0.1239418,0.018557249,0.8486389479033294,0.00398087696821309
136,2,block_output,Gaussian,1,0.10244307,0.017964467,0.9012976374185846,0.001302746350705489
136,3,block_output,Vertical,1,0.08067913,0.020076113,0.9448057506415298,0.0014565002771810018
136,3,block_output,Horizontal,1,0.09229712,0.018192854,0.9207580111636571,0.001631705754153094
136,3,block_output,Gaussian,1,0.09040619,0.015246296,0.920888227836021,0.0005021241613119666
136,4,block_output,Vertical,1,0.05487841,0.019163875,0.9739518077430626,0.0006956918631848736
136,4,block_output,Horizontal,1,0.06775636,0.017460672,0.9576865776970616,0.0007565012909400838
136,4,block_output,Gaussian,1,0.08666872,0.011233809,0.9253216229431341,0.00042249782019245023
136,initial,patch_embed,Vertical,1,0.24561855,0.02791318,0.27051325024488315,0.08781606361075527
136,initial,patch_embed,Horizontal,1,0.25800002,0.0051328484,0.05555897857901307,0.028448941265143954
136,initial,patch_embed,Gaussian,1,0.20811006,0.01613791,0.31249676114820696,0.035636965801713855
136,final,proj_out,Vertical,1,0.14494415,0.030030755,0.8093809546542866,0.009991374755163363
136,final,proj_out,Horizontal,1,0.1848194,0.013893755,0.6900865632112136,0.004124070538970256
136,final,proj_out,Gaussian,1,0.12853555,0.018675651,0.8128666976847794,0.00586993804141028
